{"cameraMode":{"drawMode":0,"name":"Shaded","section":"Shading Mode"},"sceneLighting":false,"audioPlay":false,"sceneViewState":{"showFog":true,"showMaterialUpdate":false,"showSkybox":true,"showFlares":true,"showImageEffects":true,"showParticleSystems":true},"in2DMode":false,"pivot":{"x":-0.5827869176864624,"y":-0.26114538311958315,"z":-0.35178619623184206},"rotation":{"x":0.00006006766125210561,"y":-0.9998751282691956,"z":0.015310924500226975,"w":0.003920714370906353},"size":7.000357151031494,"orthographic":false}