{"cameraMode":{"drawMode":0,"name":"Shaded","section":"Shading Mode"},"sceneLighting":false,"audioPlay":false,"sceneViewState":{"showFog":true,"showMaterialUpdate":false,"showSkybox":true,"showFlares":true,"showImageEffects":true,"showParticleSystems":true},"in2DMode":false,"pivot":{"x":-2.482476234436035,"y":-1.9482791423797608,"z":4.5536651611328129},"rotation":{"x":-0.14959712326526643,"y":0.2394477128982544,"z":-0.03736815229058266,"w":-0.9585870504379273},"size":10.0,"orthographic":false}